"Instrument Name","Timestamp UTC","Ambient Temp [C]","Battery [V]","0000_Serial","0000_Thick [мм]","0000_Qual","0000_Temp [C]","0002_Serial","0002_Thick [мм]","0002_Qual","0002_Temp [C]","0004_Serial","0004_Thick [мм]","0004_Qual","0004_Temp [C]"
"new instrument (Tryba 108 tryboprov 39)","2023-03-30 08:30:42",null,null,"2019-02298","7.84995",4,"29.2","2019-02289","8.23883",4,"28.6","2019-02297","7.81488",4,"29.5"
"new instrument (Tryba 108 tryboprov 39)","2023-03-30 08:30:46",null,null,"2019-02298","7.85022",4,"29.2","2019-02289","8.23844",4,"28.6","2019-02297","7.81491",4,"29.6"
"new instrument (Tryba 108 tryboprov 39)","2023-03-30 08:30:50",null,null,"2019-02298","7.85019",4,"29.2","2019-02289","8.23844",4,"28.7","2019-02297","7.81489",4,"29.6"
"new instrument (Tryba 108 tryboprov 39)","2023-03-30 08:30:54",null,null,"2019-02298","7.85022",4,"29.1","2019-02289","8.23833",4,"28.7","2019-02297","7.81491",4,"29.5"
"new instrument (Tryba 108 tryboprov 39)","2023-03-30 08:30:58",null,null,"2019-02298","7.85033",4,"29.1","2019-02289","8.23827",4,"28.6","2019-02297","7.81494",4,"29.5"
"new instrument (Tryba 108 tryboprov 39)","2023-03-30 08:31:02",null,null,"2019-02298","7.85033",4,"29.1","2019-02289","8.23821",4,"28.7","2019-02297","7.81494",4,"29.6"
"new instrument (Tryba 108 tryboprov 39)","2023-03-30 08:31:06",null,null,"2019-02298","7.85031",4,"29.1","2019-02289","8.23826",4,"28.7","2019-02297","7.81494",4,"29.4"
"new instrument (Tryba 108 tryboprov 39)","2023-03-30 08:31:10",null,null,"2019-02298","7.85031",4,"29.2","2019-02289","8.23819",4,"28.8","2019-02297","7.81487",4,"29.7"
"new instrument (Tryba 108 tryboprov 39)","2023-03-30 08:31:14",null,null,"2019-02298","7.85025",4,"29.2","2019-02289","8.23821",4,"28.7","2019-02297","7.81484",4,"29.6"
"new instrument (Tryba 108 tryboprov 39)","2023-03-30 08:31:19",null,null,"2019-02298","7.85021",4,"29.2","2019-02289","8.23813",4,"28.7","2019-02297","7.81484",4,"29.6"
"new instrument (Tryba 108 tryboprov 39)","2023-04-07 11:39:42",null,null,"2019-02298","7.85004",3,"28.2","2019-02289","8.23821",4,"27.8","2019-02297","7.81484",4,"29"
"new instrument (Tryba 108 tryboprov 39)","2023-04-07 11:39:46",null,null,"2019-02298","7.8496",3,"28.1","2019-02289","8.24825",4,"27.8","2019-02297","7.81161",4,"28.9"
"new instrument (Tryba 108 tryboprov 39)","2023-04-07 11:39:50",null,null,"2019-02298","7.84914",3,"28.2","2019-02289","8.24853",4,"27.8","2019-02297","7.81154",4,"29"
"new instrument (Tryba 108 tryboprov 39)","2023-04-07 11:39:54",null,null,"2019-02298","7.8496",3,"28.1","2019-02289","8.24859",4,"27.8","2019-02297","7.8116",4,"28.9"
"new instrument (Tryba 108 tryboprov 39)","2023-04-07 11:39:57",null,null,"2019-02298","7.84922",3,"28.2","2019-02289","8.2486",4,"27.7","2019-02297","7.81159",4,"28.9"
"new instrument (Tryba 108 tryboprov 39)","2023-04-07 11:40:02",null,null,"2019-02298","7.84927",3,"28.3","2019-02289","8.2486",4,"27.8","2019-02297","7.81159",4,"29.1"
"new instrument (Tryba 108 tryboprov 39)","2023-04-07 11:40:06",null,null,"2019-02298","7.84927",3,"28.1","2019-02289","8.24862",4,"27.8","2019-02297","7.81151",4,"29"
"new instrument (Tryba 108 tryboprov 39)","2023-04-07 11:40:10",null,null,"2019-02298","7.84961",3,"28.2","2019-02289","8.24864",4,"27.8","2019-02297","7.81151",4,"29"
"new instrument (Tryba 108 tryboprov 39)","2023-04-07 11:40:14",null,null,"2019-02298","7.84961",3,"28.2","2019-02289","8.24868",4,"27.7","2019-02297","7.81155",4,"29"
"new instrument (Tryba 108 tryboprov 39)","2023-04-07 11:40:18",null,null,"2019-02298","7.84952",3,"28.2","2019-02289","8.2487",4,"27.8","2019-02297","7.81158",4,"28.8"
"new instrument (Tryba 108 tryboprov 39)","2023-04-17 12:56:09",null,null,"2019-02298","7.84937",3,"31.1","2019-02289","8.24879",4,"30.3","2019-02297","7.81155",4,"32.3"
"new instrument (Tryba 108 tryboprov 39)","2023-04-17 12:56:13",null,null,"2019-02298","7.84539",3,"31","2019-02289","8.24912",4,"30.4","2019-02297","7.80541",4,"32.1"
"new instrument (Tryba 108 tryboprov 39)","2023-04-17 12:56:18",null,null,"2019-02298","7.84531",3,"31.2","2019-02289","8.24918",4,"30.3","2019-02297","7.80531",4,"32.2"
"new instrument (Tryba 108 tryboprov 39)","2023-04-17 12:56:22",null,null,"2019-02298","7.84535",3,"31","2019-02289","8.24921",4,"30.3","2019-02297","7.80531",4,"32.3"
"new instrument (Tryba 108 tryboprov 39)","2023-04-17 12:56:26",null,null,"2019-02298","7.84533",3,"31.1","2019-02289","8.24923",4,"30.3","2019-02297","7.80523",4,"32.3"
"new instrument (Tryba 108 tryboprov 39)","2023-04-17 12:56:31",null,null,"2019-02298","7.84535",3,"31.1","2019-02289","8.24924",4,"30.4","2019-02297","7.8052",4,"32.4"
"new instrument (Tryba 108 tryboprov 39)","2023-04-17 12:56:35",null,null,"2019-02298","7.84536",3,"31.1","2019-02289","8.24926",4,"30.3","2019-02297","7.8052",4,"32.3"
"new instrument (Tryba 108 tryboprov 39)","2023-04-17 12:56:39",null,null,"2019-02298","7.84537",3,"31.1","2019-02289","8.24926",4,"30.3","2019-02297","7.80521",4,"32.1"
"new instrument (Tryba 108 tryboprov 39)","2023-04-17 12:56:44",null,null,"2019-02298","7.84537",3,"31.2","2019-02289","8.2492",4,"30.3","2019-02297","7.80521",4,"32.3"
"new instrument (Tryba 108 tryboprov 39)","2023-04-17 12:56:48",null,null,"2019-02298","7.84534",3,"31.1","2019-02289","8.24915",4,"30.4","2019-02297","7.80528",4,"32.2"
"new instrument (Tryba 108 tryboprov 39)","2023-04-28 12:08:52",null,null,"2019-02298","7.84528",3,"40.1","2019-02289","8.24914",4,"39.9","2019-02297","7.80528",4,"41.1"
"new instrument (Tryba 108 tryboprov 39)","2023-04-28 12:08:56",null,null,"2019-02298","7.83545",3,"40.2","2019-02289","8.22864",4,"39.9","2019-02297","7.80743",4,"41"
"new instrument (Tryba 108 tryboprov 39)","2023-04-28 12:09:01",null,null,"2019-02298","7.83545",3,"40.2","2019-02289","8.22861",4,"39.8","2019-02297","7.80743",4,"41.1"
"new instrument (Tryba 108 tryboprov 39)","2023-04-28 12:09:05",null,null,"2019-02298","7.83523",3,"40.2","2019-02289","8.22836",4,"39.9","2019-02297","7.8074",4,"41.3"
"new instrument (Tryba 108 tryboprov 39)","2023-04-28 12:09:09",null,null,"2019-02298","7.83523",3,"40.2","2019-02289","8.22841",4,"39.9","2019-02297","7.80726",4,"41.2"
"new instrument (Tryba 108 tryboprov 39)","2023-04-28 12:09:13",null,null,"2019-02298","7.8356",3,"40.1","2019-02289","8.22838",4,"39.8","2019-02297","7.80726",4,"41.2"
"new instrument (Tryba 108 tryboprov 39)","2023-04-28 12:09:17",null,null,"2019-02298","7.83569",3,"40.2","2019-02289","8.22838",4,"39.9","2019-02297","7.80727",4,"41.2"
"new instrument (Tryba 108 tryboprov 39)","2023-04-28 12:09:21",null,null,"2019-02298","7.8356",3,"40","2019-02289","8.22838",4,"39.8","2019-02297","7.80729",4,"41.1"
"new instrument (Tryba 108 tryboprov 39)","2023-04-28 12:09:25",null,null,"2019-02298","7.83549",3,"40","2019-02289","8.22835",4,"39.9","2019-02297","7.80729",4,"41.2"
"new instrument (Tryba 108 tryboprov 39)","2023-04-28 12:09:39",null,null,"2019-02298","7.83549",3,"40","2019-02289","8.2285",4,"39.8",,,,
"new instrument (Tryba 108 tryboprov 39)","2023-05-05 12:19:08",null,null,"2019-02298","7.8355",3,"32.6","2019-02289","8.2285",4,"31.6","2019-02297","7.8073",4,"33.6"
"new instrument (Tryba 108 tryboprov 39)","2023-05-05 12:19:13",null,null,"2019-02298","7.83819",3,"32.5","2019-02289","8.24605",4,"31.7","2019-02297","7.81081",4,"33.7"
"new instrument (Tryba 108 tryboprov 39)","2023-05-05 12:19:16",null,null,"2019-02298","7.83819",3,"32.6","2019-02289","8.24605",4,"31.7","2019-02297","7.81086",4,"33.7"
"new instrument (Tryba 108 tryboprov 39)","2023-05-05 12:19:21",null,null,"2019-02298","7.83817",3,"32.6","2019-02289","8.24605",4,"31.6","2019-02297","7.81081",4,"33.7"
"new instrument (Tryba 108 tryboprov 39)","2023-05-05 12:19:25",null,null,"2019-02298","7.83817",3,"32.5","2019-02289","8.24611",4,"31.7","2019-02297","7.81086",4,"33.6"
"new instrument (Tryba 108 tryboprov 39)","2023-05-05 12:19:30",null,null,"2019-02298","7.83837",3,"32.5","2019-02289","8.24611",4,"31.7","2019-02297","7.81086",4,"33.6"
"new instrument (Tryba 108 tryboprov 39)","2023-05-05 12:19:34",null,null,"2019-02298","7.83837",3,"32.5","2019-02289","8.24609",4,"31.7","2019-02297","7.81086",4,"33.7"
"new instrument (Tryba 108 tryboprov 39)","2023-05-05 12:19:38",null,null,"2019-02298","7.83831",3,"32.6","2019-02289","8.24609",4,"31.7","2019-02297","7.81084",4,"33.6"
"new instrument (Tryba 108 tryboprov 39)","2023-05-05 12:19:42",null,null,"2019-02298","7.83831",3,"32.5","2019-02289","8.24613",4,"31.6","2019-02297","7.81084",4,"33.5"
"new instrument (Tryba 108 tryboprov 39)","2023-05-05 12:19:46",null,null,"2019-02298","7.83831",3,"32.6","2019-02289","8.24617",4,"31.6","2019-02297","7.81086",4,"33.6"
"new instrument (Tryba 108 tryboprov 39)","2023-05-12 07:22:28",null,null,"2019-02298","7.83839",3,"32.4","2019-02289","8.24617",4,"32.6","2019-02297","7.81093",4,"33.4"
"new instrument (Tryba 108 tryboprov 39)","2023-05-12 07:22:33",null,null,"2019-02298","7.84328",3,"32.4","2019-02289","8.24538",4,"32.5","2019-02297","7.81249",4,"33.2"
"new instrument (Tryba 108 tryboprov 39)","2023-05-12 07:22:37",null,null,"2019-02298","7.84328",3,"32.5","2019-02289","8.24532",4,"32.5","2019-02297","7.81251",4,"33.4"
"new instrument (Tryba 108 tryboprov 39)","2023-05-12 07:22:41",null,null,"2019-02298","7.84318",3,"32.4","2019-02289","8.24532",4,"32.4","2019-02297","7.81259",4,"33.3"
"new instrument (Tryba 108 tryboprov 39)","2023-05-12 07:22:45",null,null,"2019-02298","7.84303",3,"32.4","2019-02289","8.24544",4,"32.5","2019-02297","7.81252",4,"33.4"
"new instrument (Tryba 108 tryboprov 39)","2023-05-12 07:22:50",null,null,"2019-02298","7.84309",3,"32.5","2019-02289","8.24544",4,"32.5","2019-02297","7.81259",4,"33.2"
"new instrument (Tryba 108 tryboprov 39)","2023-05-12 07:22:54",null,null,"2019-02298","7.84309",3,"32.5","2019-02289","8.24538",4,"32.4","2019-02297","7.81266",4,"33.2"
"new instrument (Tryba 108 tryboprov 39)","2023-05-12 07:22:58",null,null,"2019-02298","7.84322",3,"32.3","2019-02289","8.24535",4,"32.4","2019-02297","7.81266",4,"33.2"
"new instrument (Tryba 108 tryboprov 39)","2023-05-12 07:23:02",null,null,"2019-02298","7.84325",3,"32.4","2019-02289","8.24535",4,"32.4","2019-02297","7.81266",4,"33.3"
"new instrument (Tryba 108 tryboprov 39)","2023-05-12 07:23:06",null,null,"2019-02298","7.84328",3,"32.4","2019-02289","8.24536",4,"32.4","2019-02297","7.81259",4,"33.3"
"new instrument (Tryba 108 tryboprov 39)","2023-05-26 11:34:22",null,null,"2019-02298","7.84328",3,"33.2","2019-02289","8.24554",4,"32.9","2019-02297","7.81259",4,"33.7"
"new instrument (Tryba 108 tryboprov 39)","2023-05-26 11:34:27",null,null,"2019-02298","7.84915",3,"33.2","2019-02289","8.24782",4,"32.9","2019-02297","7.80929",4,"33.6"
"new instrument (Tryba 108 tryboprov 39)","2023-05-26 11:34:30",null,null,"2019-02298","7.8492",3,"33.2","2019-02289","8.24786",4,"32.9","2019-02297","7.80929",4,"33.6"
"new instrument (Tryba 108 tryboprov 39)","2023-05-26 11:34:35",null,null,"2019-02298","7.84922",3,"33.2","2019-02289","8.24795",4,"32.9","2019-02297","7.80929",4,"33.7"
"new instrument (Tryba 108 tryboprov 39)","2023-05-26 11:34:39",null,null,"2019-02298","7.84932",3,"33.2","2019-02289","8.24786",4,"32.9","2019-02297","7.8093",4,"33.6"
"new instrument (Tryba 108 tryboprov 39)","2023-05-26 11:34:43",null,null,"2019-02298","7.84935",3,"33.1","2019-02289","8.24795",4,"32.9","2019-02297","7.80924",4,"33.7"
"new instrument (Tryba 108 tryboprov 39)","2023-05-26 11:34:47",null,null,"2019-02298","7.84935",3,"33.2","2019-02289","8.24784",4,"32.9","2019-02297","7.80924",4,"33.7"
"new instrument (Tryba 108 tryboprov 39)","2023-05-26 11:34:51",null,null,"2019-02298","7.84939",3,"33.2","2019-02289","8.2478",4,"32.8","2019-02297","7.80923",4,"33.7"
"new instrument (Tryba 108 tryboprov 39)","2023-05-26 11:34:55",null,null,"2019-02298","7.84939",3,"33.2","2019-02289","8.24772",4,"32.9","2019-02297","7.80923",4,"33.7"
"new instrument (Tryba 108 tryboprov 39)","2023-05-26 11:34:59",null,null,"2019-02298","7.84933",3,"33.3","2019-02289","8.24771",4,"32.9","2019-02297","7.80925",4,"33.6"
"new instrument (Tryba 108 tryboprov 39)","2023-06-02 11:28:49",null,null,"2019-02298","7.84922",3,"36.4","2019-02289","8.24758",4,"35.2","2019-02297","7.80925",4,"37.1"
"new instrument (Tryba 108 tryboprov 39)","2023-06-02 11:28:53",null,null,"2019-02298","7.84691",3,"36.4","2019-02289","8.24144",4,"35.2","2019-02297","7.80834",4,"37.3"
"new instrument (Tryba 108 tryboprov 39)","2023-06-02 11:28:58",null,null,"2019-02298","7.84664",3,"36.3","2019-02289","8.24141",4,"35.4","2019-02297","7.80834",4,"37.1"
"new instrument (Tryba 108 tryboprov 39)","2023-06-02 11:29:02",null,null,"2019-02298","7.84676",3,"36.4","2019-02289","8.24138",4,"35.3","2019-02297","7.80829",4,"37.2"
"new instrument (Tryba 108 tryboprov 39)","2023-06-02 11:29:06",null,null,"2019-02298","7.84669",3,"36.5","2019-02289","8.24137",4,"35.4","2019-02297","7.80829",4,"37.3"
"new instrument (Tryba 108 tryboprov 39)","2023-06-02 11:29:09",null,null,"2019-02298","7.84669",3,"36.4","2019-02289","8.24137",4,"35.3","2019-02297","7.80827",4,"37.2"
"new instrument (Tryba 108 tryboprov 39)","2023-06-02 11:29:14",null,null,"2019-02298","7.84666",3,"36.4","2019-02289","8.24135",4,"35.3","2019-02297","7.80819",4,"37.3"
"new instrument (Tryba 108 tryboprov 39)","2023-06-02 11:29:18",null,null,"2019-02298","7.84653",3,"36.5","2019-02289","8.2415",4,"35.3","2019-02297","7.80827",4,"37.1"
"new instrument (Tryba 108 tryboprov 39)","2023-06-02 11:29:22",null,null,"2019-02298","7.84666",3,"36.5","2019-02289","8.24144",4,"35.2","2019-02297","7.80819",4,"37.3"
"new instrument (Tryba 108 tryboprov 39)","2023-06-02 11:29:26",null,null,"2019-02298","7.84678",3,"36.5","2019-02289","8.24144",4,"35.3","2019-02297","7.80829",4,"37.2"
"new instrument (Tryba 108 tryboprov 39)","2023-06-09 05:53:14",null,null,"2019-02298","7.84683",3,"36.1","2019-02289","8.24137",4,"36","2019-02297","7.80829",4,"36.6"
"new instrument (Tryba 108 tryboprov 39)","2023-06-09 05:53:20",null,null,"2019-02298","7.85631",3,"36","2019-02289","8.23684",4,"36","2019-02297","7.80985",4,"36.6"
"new instrument (Tryba 108 tryboprov 39)","2023-06-09 05:53:24",null,null,"2019-02298","7.85658",3,"36.1","2019-02289","8.23684",4,"35.9","2019-02297","7.80985",4,"36.6"
"new instrument (Tryba 108 tryboprov 39)","2023-06-09 05:53:29",null,null,"2019-02298","7.85658",3,"36","2019-02289","8.23687",4,"36","2019-02297","7.80985",4,"36.6"
"new instrument (Tryba 108 tryboprov 39)","2023-06-09 05:53:34",null,null,"2019-02298","7.85656",3,"36.2","2019-02289","8.23697",4,"35.9","2019-02297","7.80982",4,"36.7"
"new instrument (Tryba 108 tryboprov 39)","2023-06-09 05:53:38",null,null,"2019-02298","7.85652",3,"36.1","2019-02289","8.23687",4,"35.9","2019-02297","7.80977",4,"36.7"
"new instrument (Tryba 108 tryboprov 39)","2023-06-09 05:53:42",null,null,"2019-02298","7.85652",3,"36","2019-02289","8.23694",4,"35.9","2019-02297","7.80977",4,"36.5"
"new instrument (Tryba 108 tryboprov 39)","2023-06-09 05:53:47",null,null,"2019-02298","7.85652",3,"36","2019-02289","8.2368",4,"36","2019-02297","7.80979",4,"36.7"
"new instrument (Tryba 108 tryboprov 39)","2023-06-09 05:53:51",null,null,"2019-02298","7.85657",3,"36.1","2019-02289","8.23692",4,"35.9","2019-02297","7.80979",4,"36.7"
"new instrument (Tryba 108 tryboprov 39)","2023-06-09 05:53:55",null,null,"2019-02298","7.85657",3,"36","2019-02289","8.2368",4,"36","2019-02297","7.80978",4,"36.7"
"new instrument (Tryba 108 tryboprov 39)","2023-06-16 06:12:00",null,null,"2019-02298","7.85657",3,"24.4","2019-02289","8.23692",4,"24.1","2019-02297","7.80978",4,"24.7"
"new instrument (Tryba 108 tryboprov 39)","2023-06-16 06:12:04",null,null,"2019-02298","7.86674",3,"24.4","2019-02289","8.25458",4,"24.1","2019-02297","7.8113",4,"24.9"
"new instrument (Tryba 108 tryboprov 39)","2023-06-16 06:12:09",null,null,"2019-02298","7.86675",3,"24.4","2019-02289","8.25465",4,"24","2019-02297","7.81142",4,"24.8"
"new instrument (Tryba 108 tryboprov 39)","2023-06-16 06:12:13",null,null,"2019-02298","7.86675",3,"24.5","2019-02289","8.25465",4,"24.1","2019-02297","7.81142",4,"24.8"
"new instrument (Tryba 108 tryboprov 39)","2023-06-16 06:12:17",null,null,"2019-02298","7.86679",3,"24.4","2019-02289","8.25465",4,"24.1","2019-02297","7.81142",4,"24.9"
"new instrument (Tryba 108 tryboprov 39)","2023-06-16 06:12:22",null,null,"2019-02298","7.8668",3,"24.4","2019-02289","8.25468",4,"24.1","2019-02297","7.81142",4,"24.7"
"new instrument (Tryba 108 tryboprov 39)","2023-06-16 06:12:26",null,null,"2019-02298","7.8668",3,"24.5","2019-02289","8.25468",4,"24.1","2019-02297","7.81137",4,"25"
"new instrument (Tryba 108 tryboprov 39)","2023-06-16 06:12:31",null,null,"2019-02298","7.86671",3,"24.5","2019-02289","8.25471",4,"24.1","2019-02297","7.81145",4,"24.9"
"new instrument (Tryba 108 tryboprov 39)","2023-06-16 06:12:35",null,null,"2019-02298","7.86666",3,"24.6","2019-02289","8.25471",4,"24.2","2019-02297","7.81145",4,"24.8"
"new instrument (Tryba 108 tryboprov 39)","2023-06-16 06:12:39",null,null,"2019-02298","7.8666",3,"24.6","2019-02289","8.25471",4,"24.1","2019-02297","7.81153",4,"24.8"
"new instrument (Tryba 108 tryboprov 39)","2023-06-20 11:28:06",null,null,"2019-02298","7.8666",4,"39.5","2019-02289","8.24264",4,"38.4","2019-02297","7.81156",3,"40.1"
"new instrument (Tryba 108 tryboprov 39)","2023-06-20 11:28:10",null,null,"2019-02298","7.93846",4,"39.4","2019-02289","8.19818",4,"38.3","2019-02297","7.96381",3,"40.2"
"new instrument (Tryba 108 tryboprov 39)","2023-06-20 11:28:14",null,null,"2019-02298","7.93846",4,"39.4","2019-02289","8.198",4,"38.5","2019-02297","7.96381",3,"40.3"
"new instrument (Tryba 108 tryboprov 39)","2023-06-20 11:28:18",null,null,"2019-02298","7.93838",4,"39.4","2019-02289","8.19803",4,"38.4","2019-02297","7.96344",3,"40.2"
"new instrument (Tryba 108 tryboprov 39)","2023-06-20 11:28:23",null,null,"2019-02298","7.93837",4,"39.3","2019-02289","8.19803",4,"38.4","2019-02297","7.96344",3,"40.2"
"new instrument (Tryba 108 tryboprov 39)","2023-06-20 11:28:27",null,null,"2019-02298","7.93837",4,"39.4","2019-02289","8.19803",4,"38.5","2019-02297","7.96344",3,"40.1"
"new instrument (Tryba 108 tryboprov 39)","2023-06-20 11:28:31",null,null,"2019-02298","7.93825",4,"39.4","2019-02289","8.19803",4,"38.5","2019-02297","7.96326",3,"40.2"
"new instrument (Tryba 108 tryboprov 39)","2023-06-20 11:28:36",null,null,"2019-02298","7.93822",4,"39.3","2019-02289","8.19803",4,"38.5","2019-02297","7.96299",3,"40.2"
"new instrument (Tryba 108 tryboprov 39)","2023-06-20 11:28:40",null,null,"2019-02298","7.93818",4,"39.3","2019-02289","8.19806",4,"38.4","2019-02297","7.96297",3,"40.1"
"new instrument (Tryba 108 tryboprov 39)","2023-06-20 11:28:44",null,null,"2019-02298","7.93813",4,"39.4","2019-02289","8.19806",4,"38.5","2019-02297","7.96275",3,"40.1"
"new instrument (Tryba 108 tryboprov 39)","2023-06-20 11:33:56",null,null,"2019-02298","7.93809",4,"38.7","2019-02289","8.19811",4,"38","2019-02297","7.96275",3,"39.4"
"new instrument (Tryba 108 tryboprov 39)","2023-06-20 11:34:01",null,null,"2019-02298","7.93777",4,"38.7","2019-02289","8.19932",4,"38","2019-02297","7.96243",3,"39.4"
"new instrument (Tryba 108 tryboprov 39)","2023-06-20 11:34:05",null,null,"2019-02298","7.93777",4,"38.7","2019-02289","8.19938",4,"37.9","2019-02297","7.96201",3,"39.4"
"new instrument (Tryba 108 tryboprov 39)","2023-06-20 11:34:10",null,null,"2019-02298","7.93789",4,"38.6","2019-02289","8.19932",4,"37.8","2019-02297","7.96201",3,"39.4"
"new instrument (Tryba 108 tryboprov 39)","2023-06-20 11:34:15",null,null,"2019-02298","7.93794",4,"38.8","2019-02289","8.19927",4,"37.9","2019-02297","7.96203",3,"39.4"
"new instrument (Tryba 108 tryboprov 39)","2023-06-20 11:34:20",null,null,"2019-02298","7.93796",4,"38.7","2019-02289","8.19902",4,"37.9","2019-02297","7.9627",3,"39.4"
"new instrument (Tryba 108 tryboprov 39)","2023-06-20 11:34:24",null,null,"2019-02298","7.93794",4,"38.8","2019-02289","8.19897",4,"38","2019-02297","7.9627",3,"39.5"
"new instrument (Tryba 108 tryboprov 39)","2023-06-20 11:34:29",null,null,"2019-02298","7.93791",4,"38.8","2019-02289","8.19897",4,"38","2019-02297","7.96299",3,"39.5"
"new instrument (Tryba 108 tryboprov 39)","2023-06-20 11:34:34",null,null,"2019-02298","7.93791",4,"38.8","2019-02289","8.19897",4,"38","2019-02297","7.96299",3,"39.6"
"new instrument (Tryba 108 tryboprov 39)","2023-06-20 11:34:38",null,null,"2019-02298","7.93801",4,"38.9","2019-02289","8.19888",4,"38","2019-02297","7.96301",3,"39.5"
"new instrument (Tryba 108 tryboprov 39)","2023-06-23 11:40:10",null,null,"2019-02298","7.93803",2,"41.8",,,,,,,,
"new instrument (Tryba 108 tryboprov 39)","2023-06-23 11:40:12",null,null,"2019-02298","7.97684",2,"41.8",,,,,,,,
"new instrument (Tryba 108 tryboprov 39)","2023-06-23 11:40:14",null,null,"2019-02298","7.97687",2,"41.8",,,,,,,,
"new instrument (Tryba 108 tryboprov 39)","2023-06-23 11:40:16",null,null,"2019-02298","7.97687",2,"41.8",,,,,,,,
"new instrument (Tryba 108 tryboprov 39)","2023-06-23 11:40:18",null,null,"2019-02298","7.97687",2,"41.6",,,,,,,,
"new instrument (Tryba 108 tryboprov 39)","2023-06-23 11:40:20",null,null,"2019-02298","7.97678",2,"41.8",,,,,,,,
"new instrument (Tryba 108 tryboprov 39)","2023-06-23 11:40:22",null,null,"2019-02298","7.97687",2,"41.7",,,,,,,,
"new instrument (Tryba 108 tryboprov 39)","2023-06-23 11:40:24",null,null,"2019-02298","7.97683",2,"41.8",,,,,,,,
"new instrument (Tryba 108 tryboprov 39)","2023-06-23 11:40:26",null,null,"2019-02298","7.97687",2,"41.7",,,,,,,,
"new instrument (Tryba 108 tryboprov 39)","2023-06-23 11:40:27",null,null,"2019-02298","7.97684",2,"41.8",,,,,,,,
"new instrument (Tryba 108 tryboprov 39)","2023-06-30 07:33:06",null,null,"2019-02298","7.97684",3,"26.4",,,,,,,,
"new instrument (Tryba 108 tryboprov 39)","2023-06-30 07:33:08",null,null,"2019-02298","7.95995",3,"26.4",,,,,,,,
"new instrument (Tryba 108 tryboprov 39)","2023-06-30 07:33:10",null,null,"2019-02298","7.94396",3,"26.4",,,,,,,,
"new instrument (Tryba 108 tryboprov 39)","2023-06-30 07:33:12",null,null,"2019-02298","7.94396",3,"26.4",,,,,,,,
"new instrument (Tryba 108 tryboprov 39)","2023-06-30 07:33:14",null,null,"2019-02298","7.94396",3,"26.5",,,,,,,,
"new instrument (Tryba 108 tryboprov 39)","2023-06-30 07:33:17",null,null,"2019-02298","7.94398",3,"26.4",,,,,,,,
"new instrument (Tryba 108 tryboprov 39)","2023-06-30 07:33:19",null,null,"2019-02298","7.94396",3,"26.5",,,,,,,,
"new instrument (Tryba 108 tryboprov 39)","2023-06-30 07:33:21",null,null,"2019-02298","7.94398",3,"26.4",,,,,,,,
"new instrument (Tryba 108 tryboprov 39)","2023-06-30 07:33:23",null,null,"2019-02298","7.94396",3,"26.4",,,,,,,,
"new instrument (Tryba 108 tryboprov 39)","2023-06-30 07:33:25",null,null,"2019-02298","7.94396",3,"26.5",,,,,,,,
"new instrument (Tryba 108 tryboprov 39)","2023-07-14 12:29:27",null,null,"2019-02298","7.94396",2,"38.2",,,,,,,,
"new instrument (Tryba 108 tryboprov 39)","2023-07-14 12:29:29",null,null,"2019-02298","7.97838",2,"38.2",,,,,,,,
"new instrument (Tryba 108 tryboprov 39)","2023-07-14 12:29:31",null,null,"2019-02298","7.97852",2,"38.1",,,,,,,,
"new instrument (Tryba 108 tryboprov 39)","2023-07-14 12:29:33",null,null,"2019-02298","7.97838",2,"38.2",,,,,,,,
"new instrument (Tryba 108 tryboprov 39)","2023-07-14 12:29:35",null,null,"2019-02298","7.97838",2,"38.2",,,,,,,,
"new instrument (Tryba 108 tryboprov 39)","2023-07-14 12:29:37",null,null,"2019-02298","7.97834",2,"38.2",,,,,,,,
"new instrument (Tryba 108 tryboprov 39)","2023-07-14 12:29:39",null,null,"2019-02298","7.97833",2,"38.2",,,,,,,,
"new instrument (Tryba 108 tryboprov 39)","2023-07-14 12:29:40",null,null,"2019-02298","7.97833",2,"38.2",,,,,,,,
"new instrument (Tryba 108 tryboprov 39)","2023-07-14 12:29:42",null,null,"2019-02298","7.97833",2,"38.2",,,,,,,,
"new instrument (Tryba 108 tryboprov 39)","2023-07-14 12:29:44",null,null,"2019-02298","7.97829",2,"38.2",,,,,,,,
"new instrument (Tryba 108 tryboprov 39)","2023-07-14 12:29:56",null,null,"2019-02298","7.97829",2,"38.2",,,,,,,,
"new instrument (Tryba 108 tryboprov 39)","2023-07-14 12:29:58",null,null,"2019-02298","7.97846",2,"38.2",,,,,,,,
"new instrument (Tryba 108 tryboprov 39)","2023-07-14 12:30:00",null,null,"2019-02298","7.97857",2,"38.1",,,,,,,,
"new instrument (Tryba 108 tryboprov 39)","2023-07-14 12:30:02",null,null,"2019-02298","7.97857",2,"38.1",,,,,,,,
"new instrument (Tryba 108 tryboprov 39)","2023-07-14 12:30:04",null,null,"2019-02298","7.97859",2,"38.2",,,,,,,,
"new instrument (Tryba 108 tryboprov 39)","2023-07-14 12:30:06",null,null,"2019-02298","7.97859",2,"38.1",,,,,,,,
"new instrument (Tryba 108 tryboprov 39)","2023-07-14 12:30:08",null,null,"2019-02298","7.97859",2,"38",,,,,,,,
"new instrument (Tryba 108 tryboprov 39)","2023-07-14 12:30:09",null,null,"2019-02298","7.97858",2,"38.1",,,,,,,,
"new instrument (Tryba 108 tryboprov 39)","2023-07-14 12:30:11",null,null,"2019-02298","7.97858",2,"38.1",,,,,,,,
"new instrument (Tryba 108 tryboprov 39)","2023-07-14 12:30:13",null,null,"2019-02298","7.97854",2,"38.1",,,,,,,,
"new instrument (Tryba 108 tryboprov 39)","2023-08-14 05:31:37",null,null,"2019-02298","7.97854",2,"40.6",,,,,,,,
"new instrument (Tryba 108 tryboprov 39)","2023-08-14 05:31:41",null,null,"2019-02298","7.97271",2,"40.6",,,,,,,,
"new instrument (Tryba 108 tryboprov 39)","2023-08-14 05:31:45",null,null,"2019-02298","7.97261",2,"40.7",,,,,,,,
"new instrument (Tryba 108 tryboprov 39)","2023-08-14 05:31:48",null,null,"2019-02298","7.97261",2,"40.6",,,,,,,,
"new instrument (Tryba 108 tryboprov 39)","2023-08-14 05:31:53",null,null,"2019-02298","7.9725",2,"40.6",,,,,,,,
"new instrument (Tryba 108 tryboprov 39)","2023-08-14 05:31:56",null,null,"2019-02298","7.97256",2,"40.6",,,,,,,,
"new instrument (Tryba 108 tryboprov 39)","2023-08-14 05:32:00",null,null,"2019-02298","7.97256",2,"40.5",,,,,,,,
"new instrument (Tryba 108 tryboprov 39)","2023-08-14 05:32:04",null,null,"2019-02298","7.97256",2,"40.6",,,,,,,,
"new instrument (Tryba 108 tryboprov 39)","2023-08-14 05:32:07",null,null,"2019-02298","7.97256",2,"40.6",,,,,,,,
"new instrument (Tryba 108 tryboprov 39)","2023-08-14 05:32:10",null,null,"2019-02298","7.97256",2,"40.6",,,,,,,,
"new instrument (Tryba 108 tryboprov 39)","2023-08-18 11:41:32",null,null,"2019-02298","7.97253",2,"47.4",,,,,,,,
"new instrument (Tryba 108 tryboprov 39)","2023-08-18 11:41:34",null,null,"2019-02298","7.97087",3,"47.3",,,,,,,,
"new instrument (Tryba 108 tryboprov 39)","2023-08-18 11:41:37",null,null,"2019-02298","7.97018",2,"47.4",,,,,,,,
"new instrument (Tryba 108 tryboprov 39)","2023-08-18 11:41:39",null,null,"2019-02298","7.97018",3,"47.4",,,,,,,,
"new instrument (Tryba 108 tryboprov 39)","2023-08-18 11:41:41",null,null,"2019-02298","7.9701",3,"47.4",,,,,,,,
"new instrument (Tryba 108 tryboprov 39)","2023-08-18 11:41:44",null,null,"2019-02298","7.96961",2,"47.4",,,,,,,,
"new instrument (Tryba 108 tryboprov 39)","2023-08-18 11:41:47",null,null,"2019-02298","7.96941",3,"47.3",,,,,,,,
"new instrument (Tryba 108 tryboprov 39)","2023-08-18 11:41:49",null,null,"2019-02298","7.96939",3,"47.3",,,,,,,,
"new instrument (Tryba 108 tryboprov 39)","2023-08-18 11:41:51",null,null,"2019-02298","7.96928",3,"47.4",,,,,,,,
"new instrument (Tryba 108 tryboprov 39)","2023-08-18 11:41:53",null,null,"2019-02298","7.96928",2,"47.4",,,,,,,,
"new instrument (Tryba 108 tryboprov 39)","2023-09-01 06:04:15",null,null,"2019-02298","7.96987",3,"38.1",,,,,,,,
"new instrument (Tryba 108 tryboprov 39)","2023-09-01 06:04:19",null,null,"2019-02298","7.97182",3,"38.1",,,,,,,,
"new instrument (Tryba 108 tryboprov 39)","2023-09-01 06:04:24",null,null,"2019-02298","7.97211",3,"38",,,,,,,,
"new instrument (Tryba 108 tryboprov 39)","2023-09-01 06:04:27",null,null,"2019-02298","7.97211",3,"38.1",,,,,,,,
"new instrument (Tryba 108 tryboprov 39)","2023-09-01 06:04:32",null,null,"2019-02298","7.97216",3,"38.1",,,,,,,,
"new instrument (Tryba 108 tryboprov 39)","2023-09-01 06:04:35",null,null,"2019-02298","7.97195",3,"38.1",,,,,,,,
"new instrument (Tryba 108 tryboprov 39)","2023-09-01 06:04:40",null,null,"2019-02298","7.97198",3,"38.2",,,,,,,,
"new instrument (Tryba 108 tryboprov 39)","2023-09-01 06:04:43",null,null,"2019-02298","7.97197",3,"38.2",,,,,,,,
"new instrument (Tryba 108 tryboprov 39)","2023-09-01 06:04:47",null,null,"2019-02298","7.97198",3,"38.2",,,,,,,,
"new instrument (Tryba 108 tryboprov 39)","2023-09-01 06:04:51",null,null,"2019-02298","7.97216",3,"38.1",,,,,,,,
"new instrument (Tryba 108 tryboprov 39)","2023-09-08 12:06:17",null,null,"2019-02298","7.97246",3,"40",,,,,,,,
"new instrument (Tryba 108 tryboprov 39)","2023-09-08 12:06:19",null,null,"2019-02298","7.9751",2,"40",,,,,,,,
"new instrument (Tryba 108 tryboprov 39)","2023-09-08 12:06:21",null,null,"2019-02298","7.9752",2,"40",,,,,,,,
"new instrument (Tryba 108 tryboprov 39)","2023-09-08 12:06:24",null,null,"2019-02298","7.97536",3,"39.9",,,,,,,,
"new instrument (Tryba 108 tryboprov 39)","2023-09-08 12:06:26",null,null,"2019-02298","7.97536",2,"40",,,,,,,,
"new instrument (Tryba 108 tryboprov 39)","2023-09-08 12:06:28",null,null,"2019-02298","7.97536",2,"40",,,,,,,,
"new instrument (Tryba 108 tryboprov 39)","2023-09-08 12:06:30",null,null,"2019-02298","7.97543",3,"39.9",,,,,,,,
"new instrument (Tryba 108 tryboprov 39)","2023-09-08 12:06:33",null,null,"2019-02298","7.97548",2,"39.9",,,,,,,,
"new instrument (Tryba 108 tryboprov 39)","2023-09-08 12:06:35",null,null,"2019-02298","7.97543",3,"39.9",,,,,,,,
"new instrument (Tryba 108 tryboprov 39)","2023-09-08 12:06:37",null,null,"2019-02298","7.97524",2,"40",,,,,,,,
"new instrument (Tryba 108 tryboprov 39)","2023-09-15 11:52:32",null,null,"2019-02298","7.97521",3,"54.4",,,,,,,,
"new instrument (Tryba 108 tryboprov 39)","2023-09-15 11:52:35",null,null,"2019-02298","7.96823",3,"54.4",,,,,,,,
"new instrument (Tryba 108 tryboprov 39)","2023-09-15 11:52:37",null,null,"2019-02298","7.96781",3,"54.5",,,,,,,,
"new instrument (Tryba 108 tryboprov 39)","2023-09-15 11:52:39",null,null,"2019-02298","7.96804",3,"54.5",,,,,,,,
"new instrument (Tryba 108 tryboprov 39)","2023-09-15 11:52:42",null,null,"2019-02298","7.96804",3,"54.4",,,,,,,,
"new instrument (Tryba 108 tryboprov 39)","2023-09-15 11:52:44",null,null,"2019-02298","7.96819",3,"54.4",,,,,,,,
"new instrument (Tryba 108 tryboprov 39)","2023-09-15 11:52:46",null,null,"2019-02298","7.96821",3,"54.3",,,,,,,,
"new instrument (Tryba 108 tryboprov 39)","2023-09-15 11:52:48",null,null,"2019-02298","7.96857",3,"54.4",,,,,,,,
"new instrument (Tryba 108 tryboprov 39)","2023-09-15 11:52:51",null,null,"2019-02298","7.96858",3,"54.4",,,,,,,,
"new instrument (Tryba 108 tryboprov 39)","2023-09-15 11:52:53",null,null,"2019-02298","7.96863",3,"54.4",,,,,,,,
"new instrument (Tryba 108 tryboprov 39)","2023-06-20 06:19:35",null,null,,,,,"2019-02289","8.25456",4,"26.7",,,,
"new instrument (Tryba 108 tryboprov 39)","2023-06-20 06:19:37",null,null,,,,,"2019-02289","8.24196",4,"26.6",,,,
"new instrument (Tryba 108 tryboprov 39)","2023-06-20 06:19:39",null,null,,,,,"2019-02289","8.24188",4,"26.6",,,,
"new instrument (Tryba 108 tryboprov 39)","2023-06-20 06:19:42",null,null,,,,,"2019-02289","8.24196",4,"26.6",,,,
"new instrument (Tryba 108 tryboprov 39)","2023-06-20 06:19:45",null,null,,,,,"2019-02289","8.24197",4,"26.5",,,,
"new instrument (Tryba 108 tryboprov 39)","2023-06-20 06:19:47",null,null,,,,,"2019-02289","8.24197",4,"26.6",,,,
"new instrument (Tryba 108 tryboprov 39)","2023-06-20 06:19:49",null,null,,,,,"2019-02289","8.24187",4,"26.6",,,,
"new instrument (Tryba 108 tryboprov 39)","2023-06-20 06:19:51",null,null,,,,,"2019-02289","8.24187",4,"26.6",,,,
"new instrument (Tryba 108 tryboprov 39)","2023-06-20 06:19:53",null,null,,,,,"2019-02289","8.24198",4,"26.6",,,,
"new instrument (Tryba 108 tryboprov 39)","2023-06-20 06:19:55",null,null,,,,,"2019-02289","8.24201",4,"26.5",,,,
"new instrument (Tryba 108 tryboprov 39)","2023-06-20 06:21:14",null,null,,,,,"2019-02289","8.24205",4,"26.4",,,,
"new instrument (Tryba 108 tryboprov 39)","2023-06-20 06:21:17",null,null,,,,,"2019-02289","8.24243",4,"26.2",,,,
"new instrument (Tryba 108 tryboprov 39)","2023-06-20 06:21:19",null,null,,,,,"2019-02289","8.24244",4,"26.2",,,,
"new instrument (Tryba 108 tryboprov 39)","2023-06-20 06:21:22",null,null,,,,,"2019-02289","8.2425",4,"26.3",,,,
"new instrument (Tryba 108 tryboprov 39)","2023-06-20 06:21:24",null,null,,,,,"2019-02289","8.2425",4,"26.3",,,,
"new instrument (Tryba 108 tryboprov 39)","2023-06-20 06:21:27",null,null,,,,,"2019-02289","8.24243",4,"26.3",,,,
"new instrument (Tryba 108 tryboprov 39)","2023-06-20 06:21:29",null,null,,,,,"2019-02289","8.24243",4,"26.3",,,,
"new instrument (Tryba 108 tryboprov 39)","2023-06-20 06:21:32",null,null,,,,,"2019-02289","8.24243",4,"26.3",,,,
"new instrument (Tryba 108 tryboprov 39)","2023-06-20 06:21:35",null,null,,,,,"2019-02289","8.24243",4,"26.4",,,,
"new instrument (Tryba 108 tryboprov 39)","2023-06-20 06:21:37",null,null,,,,,"2019-02289","8.2424",4,"26.4",,,,
"new instrument (Tryba 108 tryboprov 39)","2023-06-20 06:26:07",null,null,,,,,"2019-02289","8.2424",4,"26.2",,,,
"new instrument (Tryba 108 tryboprov 39)","2023-06-20 06:26:09",null,null,,,,,"2019-02289","8.24271",4,"26.2",,,,
"new instrument (Tryba 108 tryboprov 39)","2023-06-20 06:26:11",null,null,,,,,"2019-02289","8.24271",4,"26.2",,,,
"new instrument (Tryba 108 tryboprov 39)","2023-06-20 06:26:13",null,null,,,,,"2019-02289","8.24271",4,"26.1",,,,
"new instrument (Tryba 108 tryboprov 39)","2023-06-20 06:26:15",null,null,,,,,"2019-02289","8.24271",4,"26.2",,,,
"new instrument (Tryba 108 tryboprov 39)","2023-06-20 06:26:17",null,null,,,,,"2019-02289","8.24267",4,"26.3",,,,
"new instrument (Tryba 108 tryboprov 39)","2023-06-20 06:26:19",null,null,,,,,"2019-02289","8.24267",4,"26.1",,,,
"new instrument (Tryba 108 tryboprov 39)","2023-06-20 06:26:21",null,null,,,,,"2019-02289","8.2427",4,"26.2",,,,
"new instrument (Tryba 108 tryboprov 39)","2023-06-20 06:26:23",null,null,,,,,"2019-02289","8.2427",4,"26.2",,,,
"new instrument (Tryba 108 tryboprov 39)","2023-06-20 06:26:25",null,null,,,,,"2019-02289","8.24267",4,"26.2",,,,
"new instrument (Tryba 108 tryboprov 39)","2023-06-23 11:33:55",null,null,,,,,"2019-02289","8.19888",4,"41.2",,,,
"new instrument (Tryba 108 tryboprov 39)","2023-06-23 11:33:56",null,null,,,,,"2019-02289","8.2301",4,"41.1",,,,
"new instrument (Tryba 108 tryboprov 39)","2023-06-23 11:33:58",null,null,,,,,"2019-02289","8.23017",4,"41.1",,,,
"new instrument (Tryba 108 tryboprov 39)","2023-06-23 11:34:00",null,null,,,,,"2019-02289","8.23019",4,"41",,,,
"new instrument (Tryba 108 tryboprov 39)","2023-06-23 11:34:02",null,null,,,,,"2019-02289","8.23019",4,"41.1",,,,
"new instrument (Tryba 108 tryboprov 39)","2023-06-23 11:34:04",null,null,,,,,"2019-02289","8.23022",4,"41.1",,,,
"new instrument (Tryba 108 tryboprov 39)","2023-06-23 11:34:06",null,null,,,,,"2019-02289","8.23013",4,"41.1",,,,
"new instrument (Tryba 108 tryboprov 39)","2023-06-23 11:34:08",null,null,,,,,"2019-02289","8.23013",4,"41.1",,,,
"new instrument (Tryba 108 tryboprov 39)","2023-06-23 11:34:10",null,null,,,,,"2019-02289","8.23013",4,"41.1",,,,
"new instrument (Tryba 108 tryboprov 39)","2023-06-23 11:34:12",null,null,,,,,"2019-02289","8.23011",4,"41.2",,,,
"new instrument (Tryba 108 tryboprov 39)","2023-06-23 11:36:01",null,null,,,,,"2019-02289","8.23005",4,"41.2",,,,
"new instrument (Tryba 108 tryboprov 39)","2023-06-23 11:36:03",null,null,,,,,"2019-02289","8.22996",4,"41.2",,,,
"new instrument (Tryba 108 tryboprov 39)","2023-06-23 11:36:06",null,null,,,,,"2019-02289","8.22996",4,"41.1",,,,
"new instrument (Tryba 108 tryboprov 39)","2023-06-23 11:36:08",null,null,,,,,"2019-02289","8.22997",4,"41.1",,,,
"new instrument (Tryba 108 tryboprov 39)","2023-06-23 11:36:10",null,null,,,,,"2019-02289","8.22997",4,"41.2",,,,
"new instrument (Tryba 108 tryboprov 39)","2023-06-23 11:36:13",null,null,,,,,"2019-02289","8.22992",4,"41.2",,,,
"new instrument (Tryba 108 tryboprov 39)","2023-06-23 11:36:15",null,null,,,,,"2019-02289","8.22992",4,"41.1",,,,
"new instrument (Tryba 108 tryboprov 39)","2023-06-23 11:36:17",null,null,,,,,"2019-02289","8.23001",4,"41",,,,
"new instrument (Tryba 108 tryboprov 39)","2023-06-23 11:36:20",null,null,,,,,"2019-02289","8.23001",4,"41.2",,,,
"new instrument (Tryba 108 tryboprov 39)","2023-06-23 11:36:22",null,null,,,,,"2019-02289","8.22999",4,"41.1",,,,
"new instrument (Tryba 108 tryboprov 39)","2023-06-30 07:35:21",null,null,,,,,"2019-02289","8.22999",3,"26.2",,,,
"new instrument (Tryba 108 tryboprov 39)","2023-06-30 07:35:23",null,null,,,,,"2019-02289","8.23885",3,"26.2",,,,
"new instrument (Tryba 108 tryboprov 39)","2023-06-30 07:35:25",null,null,,,,,"2019-02289","8.23887",3,"26.2",,,,
"new instrument (Tryba 108 tryboprov 39)","2023-06-30 07:35:26",null,null,,,,,"2019-02289","8.23887",3,"26.3",,,,
"new instrument (Tryba 108 tryboprov 39)","2023-06-30 07:35:28",null,null,,,,,"2019-02289","8.23878",3,"26.3",,,,
"new instrument (Tryba 108 tryboprov 39)","2023-06-30 07:35:30",null,null,,,,,"2019-02289","8.23878",3,"26.2",,,,
"new instrument (Tryba 108 tryboprov 39)","2023-06-30 07:35:32",null,null,,,,,"2019-02289","8.23882",3,"26.2",,,,
"new instrument (Tryba 108 tryboprov 39)","2023-06-30 07:35:34",null,null,,,,,"2019-02289","8.23882",3,"26.3",,,,
"new instrument (Tryba 108 tryboprov 39)","2023-06-30 07:35:36",null,null,,,,,"2019-02289","8.23884",3,"26.2",,,,
"new instrument (Tryba 108 tryboprov 39)","2023-06-30 07:35:38",null,null,,,,,"2019-02289","8.23869",3,"26.3",,,,
"new instrument (Tryba 108 tryboprov 39)","2023-07-14 12:26:04",null,null,,,,,"2019-02289","8.23869",4,"37.3",,,,
"new instrument (Tryba 108 tryboprov 39)","2023-07-14 12:26:09",null,null,,,,,"2019-02289","8.23306",4,"37.3",,,,
"new instrument (Tryba 108 tryboprov 39)","2023-07-14 12:26:15",null,null,,,,,"2019-02289","8.23298",4,"37.4",,,,
"new instrument (Tryba 108 tryboprov 39)","2023-07-14 12:26:24",null,null,,,,,"2019-02289","8.23298",4,"37.3",,,,
"new instrument (Tryba 108 tryboprov 39)","2023-07-14 12:26:34",null,null,,,,,"2019-02289","8.23298",4,"37.3",,,,
"new instrument (Tryba 108 tryboprov 39)","2023-07-14 12:26:43",null,null,,,,,"2019-02289","8.23307",4,"37.3",,,,
"new instrument (Tryba 108 tryboprov 39)","2023-07-14 12:26:53",null,null,,,,,"2019-02289","8.23307",4,"37.3",,,,
"new instrument (Tryba 108 tryboprov 39)","2023-07-14 12:27:02",null,null,,,,,"2019-02289","8.233",4,"37.3",,,,
"new instrument (Tryba 108 tryboprov 39)","2023-07-14 12:27:11",null,null,,,,,"2019-02289","8.233",4,"37.3",,,,
"new instrument (Tryba 108 tryboprov 39)","2023-07-14 12:27:21",null,null,,,,,"2019-02289","8.233",4,"37.3",,,,
"new instrument (Tryba 108 tryboprov 39)","2023-08-14 05:28:26",null,null,,,,,"2019-02289","8.233",4,"40.3",,,,
"new instrument (Tryba 108 tryboprov 39)","2023-08-14 05:28:29",null,null,,,,,"2019-02289","8.22609",4,"40.4",,,,
"new instrument (Tryba 108 tryboprov 39)","2023-08-14 05:28:32",null,null,,,,,"2019-02289","8.22601",4,"40.5",,,,
"new instrument (Tryba 108 tryboprov 39)","2023-08-14 05:28:34",null,null,,,,,"2019-02289","8.226",4,"40.4",,,,
"new instrument (Tryba 108 tryboprov 39)","2023-08-14 05:28:37",null,null,,,,,"2019-02289","8.22595",4,"40.4",,,,
"new instrument (Tryba 108 tryboprov 39)","2023-08-14 05:28:40",null,null,,,,,"2019-02289","8.226",4,"40.4",,,,
"new instrument (Tryba 108 tryboprov 39)","2023-08-14 05:28:42",null,null,,,,,"2019-02289","8.22595",4,"40.5",,,,
"new instrument (Tryba 108 tryboprov 39)","2023-08-14 05:28:44",null,null,,,,,"2019-02289","8.22602",4,"40.4",,,,
"new instrument (Tryba 108 tryboprov 39)","2023-08-14 05:28:46",null,null,,,,,"2019-02289","8.22602",4,"40.4",,,,
"new instrument (Tryba 108 tryboprov 39)","2023-08-14 05:28:49",null,null,,,,,"2019-02289","8.22602",4,"40.4",,,,
"new instrument (Tryba 108 tryboprov 39)","2023-08-18 11:39:39",null,null,,,,,"2019-02289","8.22595",4,"46.3",,,,
"new instrument (Tryba 108 tryboprov 39)","2023-08-18 11:39:42",null,null,,,,,"2019-02289","8.22553",4,"46.3",,,,
"new instrument (Tryba 108 tryboprov 39)","2023-08-18 11:39:44",null,null,,,,,"2019-02289","8.22549",4,"46.3",,,,
"new instrument (Tryba 108 tryboprov 39)","2023-08-18 11:39:47",null,null,,,,,"2019-02289","8.22549",4,"46.3",,,,
"new instrument (Tryba 108 tryboprov 39)","2023-08-18 11:39:49",null,null,,,,,"2019-02289","8.22554",4,"46.3",,,,
"new instrument (Tryba 108 tryboprov 39)","2023-08-18 11:39:52",null,null,,,,,"2019-02289","8.2256",4,"46.3",,,,
"new instrument (Tryba 108 tryboprov 39)","2023-08-18 11:39:54",null,null,,,,,"2019-02289","8.2256",4,"46.3",,,,
"new instrument (Tryba 108 tryboprov 39)","2023-08-18 11:39:56",null,null,,,,,"2019-02289","8.22544",4,"46.4",,,,
"new instrument (Tryba 108 tryboprov 39)","2023-08-18 11:39:59",null,null,,,,,"2019-02289","8.22544",4,"46.3",,,,
"new instrument (Tryba 108 tryboprov 39)","2023-08-18 11:40:01",null,null,,,,,"2019-02289","8.22547",4,"46.3",,,,
"new instrument (Tryba 108 tryboprov 39)","2023-09-01 06:02:21",null,null,,,,,"2019-02289","8.22558",4,"37.3",,,,
"new instrument (Tryba 108 tryboprov 39)","2023-09-01 06:02:24",null,null,,,,,"2019-02289","8.22784",4,"37.2",,,,
"new instrument (Tryba 108 tryboprov 39)","2023-09-01 06:02:26",null,null,,,,,"2019-02289","8.22784",4,"37.3",,,,
"new instrument (Tryba 108 tryboprov 39)","2023-09-01 06:02:28",null,null,,,,,"2019-02289","8.22781",4,"37.3",,,,
"new instrument (Tryba 108 tryboprov 39)","2023-09-01 06:02:31",null,null,,,,,"2019-02289","8.22781",4,"37.3",,,,
"new instrument (Tryba 108 tryboprov 39)","2023-09-01 06:02:33",null,null,,,,,"2019-02289","8.22783",4,"37.3",,,,
"new instrument (Tryba 108 tryboprov 39)","2023-09-01 06:02:35",null,null,,,,,"2019-02289","8.22789",4,"37.2",,,,
"new instrument (Tryba 108 tryboprov 39)","2023-09-01 06:02:38",null,null,,,,,"2019-02289","8.22795",4,"37.2",,,,
"new instrument (Tryba 108 tryboprov 39)","2023-09-01 06:02:40",null,null,,,,,"2019-02289","8.22795",4,"37.3",,,,
"new instrument (Tryba 108 tryboprov 39)","2023-09-01 06:02:42",null,null,,,,,"2019-02289","8.22791",4,"37.2",,,,
"new instrument (Tryba 108 tryboprov 39)","2023-09-08 12:04:31",null,null,,,,,"2019-02289","8.22781",4,"39.1",,,,
"new instrument (Tryba 108 tryboprov 39)","2023-09-08 12:04:34",null,null,,,,,"2019-02289","8.22769",4,"39",,,,
"new instrument (Tryba 108 tryboprov 39)","2023-09-08 12:04:36",null,null,,,,,"2019-02289","8.22754",4,"39",,,,
"new instrument (Tryba 108 tryboprov 39)","2023-09-08 12:04:38",null,null,,,,,"2019-02289","8.22763",4,"39",,,,
"new instrument (Tryba 108 tryboprov 39)","2023-09-08 12:04:40",null,null,,,,,"2019-02289","8.2276",4,"39",,,,
"new instrument (Tryba 108 tryboprov 39)","2023-09-08 12:04:43",null,null,,,,,"2019-02289","8.22763",4,"39",,,,
"new instrument (Tryba 108 tryboprov 39)","2023-09-08 12:04:45",null,null,,,,,"2019-02289","8.2276",4,"39",,,,
"new instrument (Tryba 108 tryboprov 39)","2023-09-08 12:04:47",null,null,,,,,"2019-02289","8.22754",4,"39.2",,,,
"new instrument (Tryba 108 tryboprov 39)","2023-09-08 12:04:50",null,null,,,,,"2019-02289","8.22753",4,"39",,,,
"new instrument (Tryba 108 tryboprov 39)","2023-09-08 12:04:52",null,null,,,,,"2019-02289","8.22753",4,"39",,,,
"new instrument (Tryba 108 tryboprov 39)","2023-09-15 11:48:13",null,null,,,,,"2019-02289","8.22754",4,"53",,,,
"new instrument (Tryba 108 tryboprov 39)","2023-09-15 11:48:21",null,null,,,,,"2019-02289","8.24121",4,"52.9",,,,
"new instrument (Tryba 108 tryboprov 39)","2023-09-15 11:48:25",null,null,,,,,"2019-02289","8.24127",4,"52.9",,,,
"new instrument (Tryba 108 tryboprov 39)","2023-09-15 11:48:35",null,null,,,,,"2019-02289","8.24128",4,"53",,,,
"new instrument (Tryba 108 tryboprov 39)","2023-09-15 11:48:36",null,null,,,,,"2019-02289","8.24132",4,"52.9",,,,
"new instrument (Tryba 108 tryboprov 39)","2023-09-15 11:48:45",null,null,,,,,"2019-02289","8.24139",4,"52.9",,,,
"new instrument (Tryba 108 tryboprov 39)","2023-09-15 11:48:57",null,null,,,,,"2019-02289","8.24139",4,"53",,,,
"new instrument (Tryba 108 tryboprov 39)","2023-09-15 11:49:15",null,null,,,,,"2019-02289","8.24139",4,"52.9",,,,
"new instrument (Tryba 108 tryboprov 39)","2023-09-15 11:49:24",null,null,,,,,"2019-02289","8.24133",4,"53",,,,
"new instrument (Tryba 108 tryboprov 39)","2023-09-15 11:49:26",null,null,,,,,"2019-02289","8.24133",4,"53",,,,
"new instrument (Tryba 108 tryboprov 39)","2023-09-15 11:50:28",null,null,,,,,"2019-02289","8.24133",4,"53",,,,
"new instrument (Tryba 108 tryboprov 39)","2023-09-15 11:50:31",null,null,,,,,"2019-02289","8.24127",4,"53",,,,
"new instrument (Tryba 108 tryboprov 39)","2023-09-15 11:50:34",null,null,,,,,"2019-02289","8.24123",4,"53",,,,
"new instrument (Tryba 108 tryboprov 39)","2023-09-15 11:50:36",null,null,,,,,"2019-02289","8.24127",4,"52.8",,,,
"new instrument (Tryba 108 tryboprov 39)","2023-09-15 11:50:39",null,null,,,,,"2019-02289","8.24134",4,"52.9",,,,
"new instrument (Tryba 108 tryboprov 39)","2023-09-15 11:50:41",null,null,,,,,"2019-02289","8.24134",4,"53",,,,
"new instrument (Tryba 108 tryboprov 39)","2023-09-15 11:50:44",null,null,,,,,"2019-02289","8.24129",4,"53",,,,
"new instrument (Tryba 108 tryboprov 39)","2023-09-15 11:50:46",null,null,,,,,"2019-02289","8.24129",4,"53",,,,
"new instrument (Tryba 108 tryboprov 39)","2023-09-15 11:50:48",null,null,,,,,"2019-02289","8.24132",4,"52.8",,,,
"new instrument (Tryba 108 tryboprov 39)","2023-09-15 11:50:51",null,null,,,,,"2019-02289","8.24132",4,"53.1",,,,
"new instrument (Tryba 108 tryboprov 39)","2023-06-20 11:44:31",null,null,,,,,,,,,"2019-02297","7.96304",3,"40.3"
"new instrument (Tryba 108 tryboprov 39)","2023-06-20 11:44:33",null,null,,,,,,,,,"2019-02297","7.96331",3,"40.4"
"new instrument (Tryba 108 tryboprov 39)","2023-06-20 11:44:35",null,null,,,,,,,,,"2019-02297","7.96332",3,"40.3"
"new instrument (Tryba 108 tryboprov 39)","2023-06-20 11:44:37",null,null,,,,,,,,,"2019-02297","7.96331",3,"40.4"
"new instrument (Tryba 108 tryboprov 39)","2023-06-20 11:44:39",null,null,,,,,,,,,"2019-02297","7.96321",3,"40.3"
"new instrument (Tryba 108 tryboprov 39)","2023-06-20 11:44:41",null,null,,,,,,,,,"2019-02297","7.96317",3,"40.3"
"new instrument (Tryba 108 tryboprov 39)","2023-06-20 11:44:43",null,null,,,,,,,,,"2019-02297","7.96305",3,"40.2"
"new instrument (Tryba 108 tryboprov 39)","2023-06-20 11:44:45",null,null,,,,,,,,,"2019-02297","7.96296",3,"40.4"
"new instrument (Tryba 108 tryboprov 39)","2023-06-20 11:44:47",null,null,,,,,,,,,"2019-02297","7.96296",3,"40.3"
"new instrument (Tryba 108 tryboprov 39)","2023-06-20 11:44:49",null,null,,,,,,,,,"2019-02297","7.96318",3,"40.2"
"new instrument (Tryba 108 tryboprov 39)","2023-06-23 11:44:02",null,null,,,,,,,,,"2019-02297","7.96318",4,"43"
"new instrument (Tryba 108 tryboprov 39)","2023-06-23 11:44:06",null,null,,,,,,,,,"2019-02297","7.83868",4,"43"
"new instrument (Tryba 108 tryboprov 39)","2023-06-23 11:44:10",null,null,,,,,,,,,"2019-02297","7.83863",4,"43.1"
"new instrument (Tryba 108 tryboprov 39)","2023-06-23 11:44:13",null,null,,,,,,,,,"2019-02297","7.83867",4,"43"
"new instrument (Tryba 108 tryboprov 39)","2023-06-23 11:44:16",null,null,,,,,,,,,"2019-02297","7.83867",4,"42.9"
"new instrument (Tryba 108 tryboprov 39)","2023-06-23 11:44:20",null,null,,,,,,,,,"2019-02297","7.83867",4,"43.1"
"new instrument (Tryba 108 tryboprov 39)","2023-06-23 11:44:23",null,null,,,,,,,,,"2019-02297","7.83854",4,"43.1"
"new instrument (Tryba 108 tryboprov 39)","2023-06-23 11:44:27",null,null,,,,,,,,,"2019-02297","7.83854",4,"43"
"new instrument (Tryba 108 tryboprov 39)","2023-06-23 11:44:31",null,null,,,,,,,,,"2019-02297","7.83855",4,"43.1"
"new instrument (Tryba 108 tryboprov 39)","2023-06-23 11:44:34",null,null,,,,,,,,,"2019-02297","7.83864",4,"43"
"new instrument (Tryba 108 tryboprov 39)","2023-06-30 07:38:12",null,null,,,,,,,,,"2019-02297","7.83855",3,"27.1"
"new instrument (Tryba 108 tryboprov 39)","2023-06-30 07:38:14",null,null,,,,,,,,,"2019-02297","7.8338",3,"27"
"new instrument (Tryba 108 tryboprov 39)","2023-06-30 07:38:17",null,null,,,,,,,,,"2019-02297","7.83374",3,"27.3"
"new instrument (Tryba 108 tryboprov 39)","2023-06-30 07:38:19",null,null,,,,,,,,,"2019-02297","7.83376",3,"27.1"
"new instrument (Tryba 108 tryboprov 39)","2023-06-30 07:38:20",null,null,,,,,,,,,"2019-02297","7.83376",3,"27.1"
"new instrument (Tryba 108 tryboprov 39)","2023-06-30 07:38:22",null,null,,,,,,,,,"2019-02297","7.83376",3,"27.1"
"new instrument (Tryba 108 tryboprov 39)","2023-06-30 07:38:24",null,null,,,,,,,,,"2019-02297","7.83371",3,"27.3"
"new instrument (Tryba 108 tryboprov 39)","2023-06-30 07:38:26",null,null,,,,,,,,,"2019-02297","7.83371",3,"27.1"
"new instrument (Tryba 108 tryboprov 39)","2023-06-30 07:38:28",null,null,,,,,,,,,"2019-02297","7.83359",3,"27.4"
"new instrument (Tryba 108 tryboprov 39)","2023-06-30 07:38:30",null,null,,,,,,,,,"2019-02297","7.83367",3,"27.2"
"new instrument (Tryba 108 tryboprov 39)","2023-07-14 12:32:11",null,null,,,,,,,,,"2019-02297","7.83355",4,"39.5"
"new instrument (Tryba 108 tryboprov 39)","2023-07-14 12:32:15",null,null,,,,,,,,,"2019-02297","7.82947",4,"39.5"
"new instrument (Tryba 108 tryboprov 39)","2023-07-14 12:32:17",null,null,,,,,,,,,"2019-02297","7.8294",4,"39.6"
"new instrument (Tryba 108 tryboprov 39)","2023-07-14 12:32:21",null,null,,,,,,,,,"2019-02297","7.82934",4,"39.7"
"new instrument (Tryba 108 tryboprov 39)","2023-07-14 12:32:24",null,null,,,,,,,,,"2019-02297","7.82934",4,"39.6"
"new instrument (Tryba 108 tryboprov 39)","2023-07-14 12:32:27",null,null,,,,,,,,,"2019-02297","7.82931",4,"39.6"
"new instrument (Tryba 108 tryboprov 39)","2023-07-14 12:32:29",null,null,,,,,,,,,"2019-02297","7.82935",4,"39.5"
"new instrument (Tryba 108 tryboprov 39)","2023-07-14 12:32:31",null,null,,,,,,,,,"2019-02297","7.82931",4,"39.6"
"new instrument (Tryba 108 tryboprov 39)","2023-07-14 12:32:35",null,null,,,,,,,,,"2019-02297","7.82931",4,"39.6"
"new instrument (Tryba 108 tryboprov 39)","2023-07-14 12:32:39",null,null,,,,,,,,,"2019-02297","7.82931",4,"39.6"
"new instrument (Tryba 108 tryboprov 39)","2023-08-14 05:34:11",null,null,,,,,,,,,"2019-02297","7.82934",4,"41.2"
"new instrument (Tryba 108 tryboprov 39)","2023-08-14 05:34:18",null,null,,,,,,,,,"2019-02297","7.8299",4,"41.3"
"new instrument (Tryba 108 tryboprov 39)","2023-08-14 05:34:24",null,null,,,,,,,,,"2019-02297","7.8299",4,"41.4"
"new instrument (Tryba 108 tryboprov 39)","2023-08-14 05:34:30",null,null,,,,,,,,,"2019-02297","7.8299",4,"41.3"
"new instrument (Tryba 108 tryboprov 39)","2023-08-14 05:34:37",null,null,,,,,,,,,"2019-02297","7.82995",4,"41.3"
"new instrument (Tryba 108 tryboprov 39)","2023-08-14 05:34:44",null,null,,,,,,,,,"2019-02297","7.82995",4,"41.4"
"new instrument (Tryba 108 tryboprov 39)","2023-08-14 05:34:51",null,null,,,,,,,,,"2019-02297","7.8299",4,"41.3"
"new instrument (Tryba 108 tryboprov 39)","2023-08-14 05:34:58",null,null,,,,,,,,,"2019-02297","7.8299",4,"41.3"
"new instrument (Tryba 108 tryboprov 39)","2023-08-14 05:35:02",null,null,,,,,,,,,"2019-02297","7.82991",4,"41.3"
"new instrument (Tryba 108 tryboprov 39)","2023-08-14 05:35:04",null,null,,,,,,,,,"2019-02297","7.82991",4,"41.4"
"new instrument (Tryba 108 tryboprov 39)","2023-08-18 11:43:12",null,null,,,,,,,,,"2019-02297","7.82983",4,"48.2"
"new instrument (Tryba 108 tryboprov 39)","2023-08-18 11:43:16",null,null,,,,,,,,,"2019-02297","7.82649",4,"48.3"
"new instrument (Tryba 108 tryboprov 39)","2023-08-18 11:43:19",null,null,,,,,,,,,"2019-02297","7.82641",4,"48.4"
"new instrument (Tryba 108 tryboprov 39)","2023-08-18 11:43:23",null,null,,,,,,,,,"2019-02297","7.82633",4,"48.4"
"new instrument (Tryba 108 tryboprov 39)","2023-08-18 11:43:27",null,null,,,,,,,,,"2019-02297","7.82633",4,"48.3"
"new instrument (Tryba 108 tryboprov 39)","2023-08-18 11:43:31",null,null,,,,,,,,,"2019-02297","7.82638",4,"48.3"
"new instrument (Tryba 108 tryboprov 39)","2023-08-18 11:43:34",null,null,,,,,,,,,"2019-02297","7.82638",4,"48.4"
"new instrument (Tryba 108 tryboprov 39)","2023-08-18 11:43:37",null,null,,,,,,,,,"2019-02297","7.82617",4,"48.2"
"new instrument (Tryba 108 tryboprov 39)","2023-08-18 11:43:40",null,null,,,,,,,,,"2019-02297","7.82615",4,"48.3"
"new instrument (Tryba 108 tryboprov 39)","2023-08-18 11:43:42",null,null,,,,,,,,,"2019-02297","7.82617",4,"48.3"
"new instrument (Tryba 108 tryboprov 39)","2023-09-01 06:06:38",null,null,,,,,,,,,"2019-02297","7.82621",4,"38.9"
"new instrument (Tryba 108 tryboprov 39)","2023-09-01 06:06:43",null,null,,,,,,,,,"2019-02297","7.83036",4,"38.8"
"new instrument (Tryba 108 tryboprov 39)","2023-09-01 06:06:46",null,null,,,,,,,,,"2019-02297","7.83036",4,"39"
"new instrument (Tryba 108 tryboprov 39)","2023-09-01 06:06:48",null,null,,,,,,,,,"2019-02297","7.83027",4,"39"
"new instrument (Tryba 108 tryboprov 39)","2023-09-01 06:06:56",null,null,,,,,,,,,"2019-02297","7.83027",4,"38.8"
"new instrument (Tryba 108 tryboprov 39)","2023-09-01 06:07:04",null,null,,,,,,,,,"2019-02297","7.83036",4,"38.9"
"new instrument (Tryba 108 tryboprov 39)","2023-09-01 06:07:13",null,null,,,,,,,,,"2019-02297","7.83036",4,"39"
"new instrument (Tryba 108 tryboprov 39)","2023-09-01 06:07:17",null,null,,,,,,,,,"2019-02297","7.83036",4,"38.8"
"new instrument (Tryba 108 tryboprov 39)","2023-09-01 06:07:19",null,null,,,,,,,,,"2019-02297","7.83032",4,"39"
"new instrument (Tryba 108 tryboprov 39)","2023-09-01 06:07:21",null,null,,,,,,,,,"2019-02297","7.83032",4,"39"
"new instrument (Tryba 108 tryboprov 39)","2023-09-01 06:08:25",null,null,,,,,,,,,"2019-02297","7.83027",4,"39.1"
"new instrument (Tryba 108 tryboprov 39)","2023-09-01 06:08:28",null,null,,,,,,,,,"2019-02297","7.83007",4,"39.2"
"new instrument (Tryba 108 tryboprov 39)","2023-09-01 06:08:30",null,null,,,,,,,,,"2019-02297","7.83007",4,"39.1"
"new instrument (Tryba 108 tryboprov 39)","2023-09-01 06:08:33",null,null,,,,,,,,,"2019-02297","7.82999",4,"39.2"
"new instrument (Tryba 108 tryboprov 39)","2023-09-01 06:08:35",null,null,,,,,,,,,"2019-02297","7.83009",4,"39.1"
"new instrument (Tryba 108 tryboprov 39)","2023-09-01 06:08:38",null,null,,,,,,,,,"2019-02297","7.83",4,"39.2"
"new instrument (Tryba 108 tryboprov 39)","2023-09-01 06:08:39",null,null,,,,,,,,,"2019-02297","7.83",4,"39.2"
"new instrument (Tryba 108 tryboprov 39)","2023-09-01 06:08:42",null,null,,,,,,,,,"2019-02297","7.83",4,"39.1"
"new instrument (Tryba 108 tryboprov 39)","2023-09-01 06:08:44",null,null,,,,,,,,,"2019-02297","7.83012",4,"39"
"new instrument (Tryba 108 tryboprov 39)","2023-09-01 06:08:46",null,null,,,,,,,,,"2019-02297","7.83012",4,"39.1"
"new instrument (Tryba 108 tryboprov 39)","2023-09-08 12:08:04",null,null,,,,,,,,,"2019-02297","7.83009",4,"41"
"new instrument (Tryba 108 tryboprov 39)","2023-09-08 12:08:09",null,null,,,,,,,,,"2019-02297","7.82938",4,"40.9"
"new instrument (Tryba 108 tryboprov 39)","2023-09-08 12:08:13",null,null,,,,,,,,,"2019-02297","7.82935",4,"41"
"new instrument (Tryba 108 tryboprov 39)","2023-09-08 12:08:17",null,null,,,,,,,,,"2019-02297","7.82938",4,"40.9"
"new instrument (Tryba 108 tryboprov 39)","2023-09-08 12:08:22",null,null,,,,,,,,,"2019-02297","7.82935",4,"41"
"new instrument (Tryba 108 tryboprov 39)","2023-09-08 12:08:26",null,null,,,,,,,,,"2019-02297","7.82935",4,"41"
"new instrument (Tryba 108 tryboprov 39)","2023-09-08 12:08:30",null,null,,,,,,,,,"2019-02297","7.82935",4,"40.9"
"new instrument (Tryba 108 tryboprov 39)","2023-09-08 12:08:34",null,null,,,,,,,,,"2019-02297","7.82936",4,"41"
"new instrument (Tryba 108 tryboprov 39)","2023-09-08 12:08:39",null,null,,,,,,,,,"2019-02297","7.82936",4,"41"
"new instrument (Tryba 108 tryboprov 39)","2023-09-08 12:08:43",null,null,,,,,,,,,"2019-02297","7.82936",4,"40.9"